{"version":3,"data":"{\"lastSaved\":\"2023-01-31T18:14:56.580208Z\",\"patchVersion\":2,\"selected\":\"superSurfer\",\"lastPermanentSelectedBoard\":null,\"owned\":{\"default\":{\"value\":{\"id\":\"default\",\"ownedUpgrades\":{}},\"expirationType\":0},\"desertRacer\":{\"value\":{\"id\":\"desertRacer\",\"ownedUpgrades\":{}},\"expirationType\":0},\"stallion\":{\"value\":{\"id\":\"stallion\",\"ownedUpgrades\":{\"trail\":{\"value\":true,\"expirationType\":0},\"jumper\":{\"value\":true,\"expirationType\":0}}},\"expirationType\":0},\"starboard\":{\"value\":{\"id\":\"starboard\",\"ownedUpgrades\":{\"trail\":{\"value\":true,\"expirationType\":0},\"doubleJump\":{\"value\":true,\"expirationType\":0}}},\"expirationType\":0},\"sakarWildStyle\":{\"value\":{\"id\":\"sakarWildStyle\",\"ownedUpgrades\":{}},\"expirationType\":0},\"sakarSurfSpray\":{\"value\":{\"id\":\"sakarSurfSpray\",\"ownedUpgrades\":{}},\"expirationType\":0},\"sakarCrewCrush\":{\"value\":{\"id\":\"sakarCrewCrush\",\"ownedUpgrades\":{}},\"expirationType\":0},\"sakarCrew\":{\"value\":{\"id\":\"sakarCrew\",\"ownedUpgrades\":{}},\"expirationType\":0},\"sakarBlueIce\":{\"value\":{\"id\":\"sakarBlueIce\",\"ownedUpgrades\":{}},\"expirationType\":0},\"bigKahuna\":{\"value\":{\"id\":\"bigKahuna\",\"ownedUpgrades\":{\"glider\":{\"value\":true,\"expirationType\":0},\"lowrider\":{\"value\":true,\"expirationType\":0}}},\"expirationType\":0},\"teleporter\":{\"value\":{\"id\":\"teleporter\",\"ownedUpgrades\":{}},\"expirationType\":0},\"superhero\":{\"value\":{\"id\":\"superhero\",\"ownedUpgrades\":{\"teleport\":{\"value\":true,\"expirationType\":0},\"jumper\":{\"value\":true,\"expirationType\":0}}},\"expirationType\":0},\"sunset\":{\"value\":{\"id\":\"sunset\",\"ownedUpgrades\":{\"trail\":{\"value\":true,\"expirationType\":0},\"glider\":{\"value\":true,\"expirationType\":0}}},\"expirationType\":0},\"freestyler\":{\"value\":{\"id\":\"freestyler\",\"ownedUpgrades\":{\"doubleJump\":{\"value\":true,\"expirationType\":0},\"jumper\":{\"value\":true,\"expirationType\":0}}},\"expirationType\":0},\"skullFire\":{\"value\":{\"id\":\"skullFire\",\"ownedUpgrades\":{\"doubleJump\":{\"value\":true,\"expirationType\":0},\"highSpeed\":{\"value\":true,\"expirationType\":0}}},\"expirationType\":0},\"monster\":{\"value\":{\"id\":\"monster\",\"ownedUpgrades\":{\"highSpeed\":{\"value\":true,\"expirationType\":0},\"superJump\":{\"value\":true,\"expirationType\":0}}},\"expirationType\":0},\"lumberjack\":{\"value\":{\"id\":\"lumberjack\",\"ownedUpgrades\":{\"doubleJump\":{\"value\":true,\"expirationType\":0},\"lowrider\":{\"value\":true,\"expirationType\":0}}},\"expirationType\":0},\"lowrider\":{\"value\":{\"id\":\"lowrider\",\"ownedUpgrades\":{}},\"expirationType\":0},\"hotrod\":{\"value\":{\"id\":\"hotrod\",\"ownedUpgrades\":{}},\"expirationType\":0},\"greatWhite\":{\"value\":{\"id\":\"greatWhite\",\"ownedUpgrades\":{\"speed\":{\"value\":true,\"expirationType\":0},\"glider\":{\"value\":true,\"expirationType\":0}}},\"expirationType\":0},\"windglider\":{\"value\":{\"id\":\"windglider\",\"ownedUpgrades\":{}},\"expirationType\":0},\"daredevil\":{\"value\":{\"id\":\"daredevil\",\"ownedUpgrades\":{}},\"expirationType\":0},\"bouncer\":{\"value\":{\"id\":\"bouncer\",\"ownedUpgrades\":{}},\"expirationType\":0},\"scoot\":{\"value\":{\"id\":\"scoot\",\"ownedUpgrades\":{\"teleport\":{\"value\":true,\"expirationType\":0},\"highSpeed\":{\"value\":true,\"expirationType\":0}}},\"expirationType\":0},\"teddy\":{\"value\":{\"id\":\"teddy\",\"ownedUpgrades\":{}},\"expirationType\":0},\"hohohoverboard\":{\"value\":{\"id\":\"hohohoverboard\",\"ownedUpgrades\":{\"default\":{\"value\":true,\"expirationType\":0}}},\"expirationType\":0},\"wayfarer\":{\"value\":{\"id\":\"wayfarer\",\"ownedUpgrades\":{\"default\":{\"value\":true,\"expirationType\":0},\"glider\":{\"value\":true,\"expirationType\":0}}},\"expirationType\":0},\"rose\":{\"value\":{\"id\":\"rose\",\"ownedUpgrades\":{\"default\":{\"value\":true,\"expirationType\":0}}},\"expirationType\":0},\"jingles\":{\"value\":{\"id\":\"jingles\",\"ownedUpgrades\":{\"default\":{\"value\":true,\"expirationType\":0},\"trail\":{\"value\":true,\"expirationType\":0},\"superJump\":{\"value\":true,\"expirationType\":0}}},\"expirationType\":0},\"chooChoo\":{\"value\":{\"id\":\"chooChoo\",\"ownedUpgrades\":{\"default\":{\"value\":true,\"expirationType\":0}}},\"expirationType\":0},\"sleigh\":{\"value\":{\"id\":\"sleigh\",\"ownedUpgrades\":{\"default\":{\"value\":true,\"expirationType\":0}}},\"expirationType\":0},\"liberty\":{\"value\":{\"id\":\"liberty\",\"ownedUpgrades\":{\"default\":{\"value\":true,\"expirationType\":0}}},\"expirationType\":0},\"kitty\":{\"value\":{\"id\":\"kitty\",\"ownedUpgrades\":{\"default\":{\"value\":true,\"expirationType\":0}}},\"expirationType\":0},\"oldDusty\":{\"value\":{\"id\":\"oldDusty\",\"ownedUpgrades\":{\"default\":{\"value\":true,\"expirationType\":0},\"trail\":{\"value\":true,\"expirationType\":0}}},\"expirationType\":0},\"thunderbolt\":{\"value\":{\"id\":\"thunderbolt\",\"ownedUpgrades\":{\"default\":{\"value\":true,\"expirationType\":0}}},\"expirationType\":0},\"superSurfer\":{\"value\":{\"id\":\"superSurfer\",\"ownedUpgrades\":{\"default\":{\"value\":true,\"expirationType\":0}}},\"expirationType\":0},\"kickOff\":{\"value\":{\"id\":\"kickOff\",\"ownedUpgrades\":{\"default\":{\"value\":true,\"expirationType\":0}}},\"expirationType\":0},\"tiki\":{\"value\":{\"id\":\"tiki\",\"ownedUpgrades\":{\"default\":{\"value\":true,\"expirationType\":0}}},\"expirationType\":0},\"paintPalette\":{\"value\":{\"id\":\"paintPalette\",\"ownedUpgrades\":{\"default\":{\"value\":true,\"expirationType\":0}}},\"expirationType\":0},\"xmas2022\":{\"value\":{\"id\":\"xmas2022\",\"ownedUpgrades\":{\"default\":{\"value\":true,\"expirationType\":0}}},\"expirationType\":0},\"snowCloud\":{\"value\":{\"id\":\"snowCloud\",\"ownedUpgrades\":{\"default\":{\"value\":true,\"expirationType\":0}}},\"expirationType\":0},\"rocket\":{\"value\":{\"id\":\"rocket\",\"ownedUpgrades\":{\"default\":{\"value\":true,\"expirationType\":0},\"trail\":{\"value\":true,\"expirationType\":0},\"highSpeed\":{\"value\":true,\"expirationType\":0}}},\"expirationType\":0},\"hotdog\":{\"value\":{\"id\":\"hotdog\",\"ownedUpgrades\":{\"default\":{\"value\":true,\"expirationType\":0}}},\"expirationType\":0},\"splash\":{\"value\":{\"id\":\"splash\",\"ownedUpgrades\":{\"default\":{\"value\":true,\"expirationType\":0}}},\"expirationType\":0},\"trickster\":{\"value\":{\"id\":\"trickster\",\"ownedUpgrades\":{\"default\":{\"value\":true,\"expirationType\":0}}},\"expirationType\":0},\"boombastic\":{\"value\":{\"id\":\"boombastic\",\"ownedUpgrades\":{\"default\":{\"value\":true,\"expirationType\":0}}},\"expirationType\":0},\"magNeatO\":{\"value\":{\"id\":\"magNeatO\",\"ownedUpgrades\":{\"default\":{\"value\":true,\"expirationType\":0}}},\"expirationType\":0},\"zuperzapper\":{\"value\":{\"id\":\"zuperzapper\",\"ownedUpgrades\":{\"default\":{\"value\":true,\"expirationType\":0}}},\"expirationType\":0},\"toucan\":{\"value\":{\"id\":\"toucan\",\"ownedUpgrades\":{\"default\":{\"value\":true,\"expirationType\":0}}},\"expirationType\":0},\"bubblegum\":{\"value\":{\"id\":\"bubblegum\",\"ownedUpgrades\":{\"default\":{\"value\":true,\"expirationType\":0}}},\"expirationType\":0},\"bengal\":{\"value\":{\"id\":\"bengal\",\"ownedUpgrades\":{\"default\":{\"value\":true,\"expirationType\":0}}},\"expirationType\":0},\"birdie\":{\"value\":{\"id\":\"birdie\",\"ownedUpgrades\":{\"default\":{\"value\":true,\"expirationType\":0}}},\"expirationType\":0},\"groovy\":{\"value\":{\"id\":\"groovy\",\"ownedUpgrades\":{\"default\":{\"value\":true,\"expirationType\":0},\"trail\":{\"value\":true,\"expirationType\":0}}},\"expirationType\":0},\"goat\":{\"value\":{\"id\":\"goat\",\"ownedUpgrades\":{\"default\":{\"value\":true,\"expirationType\":0}}},\"expirationType\":0},\"renegade\":{\"value\":{\"id\":\"renegade\",\"ownedUpgrades\":{\"default\":{\"value\":true,\"expirationType\":0}}},\"expirationType\":0},\"carpdiem\":{\"value\":{\"id\":\"carpdiem\",\"ownedUpgrades\":{\"default\":{\"value\":true,\"expirationType\":0}}},\"expirationType\":0},\"naga\":{\"value\":{\"id\":\"naga\",\"ownedUpgrades\":{\"default\":{\"value\":true,\"expirationType\":0}}},\"expirationType\":0},\"clockwork\":{\"value\":{\"id\":\"clockwork\",\"ownedUpgrades\":{\"default\":{\"value\":true,\"expirationType\":0}}},\"expirationType\":0},\"jouster\":{\"value\":{\"id\":\"jouster\",\"ownedUpgrades\":{\"default\":{\"value\":true,\"expirationType\":0}}},\"expirationType\":0},\"pedal\":{\"value\":{\"id\":\"pedal\",\"ownedUpgrades\":{\"default\":{\"value\":true,\"expirationType\":0}}},\"expirationType\":0},\"rickshaw\":{\"value\":{\"id\":\"rickshaw\",\"ownedUpgrades\":{\"default\":{\"value\":true,\"expirationType\":0}}},\"expirationType\":0},\"ghastlyglider\":{\"value\":{\"id\":\"ghastlyglider\",\"ownedUpgrades\":{\"default\":{\"value\":true,\"expirationType\":0}}},\"expirationType\":0}}}","encrypted":false}