<TrialData>
  <Rooms>
    <Room Name="Act1_Chapter4_StandardRoom1_Normal" Type="TRIAL" Chest="Fight_Chest_1_4" Location="road">
      <Fight Name="1" Power="1" Rounds="1" RoundTime="60" Replays="1">
        <Warriors>
          <Template Name="Ninja_Man_Knives" FirstName="NAME_NINJA" Avatar="ninja_man_knives" Voice="Male" HealthTotal="100" HeadDefense="120" BodyDefense="160" WeaponDamage="36" UnarmedDamage="24" RangedDamage="28" MagicDamage="54" CriticalChance="1000" CriticalDamage="15000" Penetration="4000" MagicPainRecharge="8000" MagicDamageRecharge="7000" MaxMissileBullets="10" MissileBulletRecharge="50000" BlockDamageFactor="2000" InitialMagicCharge="10000" ShockCriticalHitChance="0" ShockHeadHitChance="1000" EnchantmentResistance="0" DamageFactor="10000" Number="1" Tactic="Standard" WarriorPower="3.37" WarriorNumber="1">
            <Items>
              <Item Name="Skeleton" />
              <Item Name="NoRanged" />
              <Item Name="NoMagic" />
              <Item Name="WEAPON_TRIANGLE_KNIVES" />
              <Item Name="ARMOR_LEATHER" />
              <Item Name="HELM_GREEN_MASK" />
            </Items>
            <Perks>
              <Perk Name="PERK_DOUBLE_SWEEP" />
              <Perk Name="PERK_DOUBLE_JUMP_KICK" />
              <Perk Name="PERK_TWO_FOOT_JUMP_KICK" />
              <Perk Name="PERK_ELBOW_STRIKE" />
              <Perk Name="PERK_BACK_FLIP_KICK" />
              <Perk Name="PERK_BOT_TAG" />
              <Perk Name="PERK_COMMON_GROUP_ENEMY" />
            </Perks>
            <AttributesAlign>
              <Delta Factor="0" Shift="0" />
            </AttributesAlign>
          </Template>
        </Warriors>
      </Fight>
    </Room>
    <Room Name="Act1_Chapter4_StandardRoom2_Normal" Type="TRIAL" Chest="Fight_Chest_1_4" Location="flooded_village">
      <Fight Name="1" Power="1" Rounds="1" RoundTime="60" Replays="1">
        <Warriors>
          <Template Name="Ninja_Girl_Sai" FirstName="NAME_NINJA" Avatar="ninja_girl_sai" Voice="Female" HealthTotal="100" HeadDefense="120" BodyDefense="160" WeaponDamage="36" UnarmedDamage="24" RangedDamage="28" MagicDamage="54" CriticalChance="1000" CriticalDamage="15000" Penetration="4000" MagicPainRecharge="8000" MagicDamageRecharge="7000" MaxMissileBullets="10" MissileBulletRecharge="50000" BlockDamageFactor="2000" InitialMagicCharge="10000" ShockCriticalHitChance="0" ShockHeadHitChance="1000" EnchantmentResistance="0" DamageFactor="10000" Number="1" Tactic="Standard" WarriorPower="3.68" WarriorNumber="1">
            <Items>
              <Item Name="Skeleton" />
              <Item Name="NoRanged" />
              <Item Name="NoMagic" />
              <Item Name="WEAPON_SAI" />
              <Item Name="ARMOR_LEATHER" />
              <Item Name="HELM_GREEN_MASK" />
            </Items>
            <Perks>
              <Perk Name="PERK_DOUBLE_SWEEP" />
              <Perk Name="PERK_DOUBLE_JUMP_KICK" />
              <Perk Name="PERK_TWO_FOOT_JUMP_KICK" />
              <Perk Name="PERK_ELBOW_STRIKE" />
              <Perk Name="PERK_BACK_FLIP_KICK" />
              <Perk Name="PERK_BOT_TAG" />
              <Perk Name="PERK_COMMON_GROUP_ENEMY" />
            </Perks>
            <AttributesAlign>
              <Delta Factor="0" Shift="0" />
            </AttributesAlign>
          </Template>
        </Warriors>
      </Fight>
    </Room>
    <Room Name="Act1_Chapter4_StandardRoom3_Normal" Type="TRIAL" Chest="Fight_Chest_1_4" Location="suspension_bridges">
      <Fight Name="1" Power="1" Rounds="1" RoundTime="60" Replays="1">
        <Warriors>
          <Template Name="Ninja_Man_Kunai" FirstName="NAME_NINJA" Avatar="ninja_man_kunai" Voice="Male" HealthTotal="100" HeadDefense="120" BodyDefense="160" WeaponDamage="36" UnarmedDamage="24" RangedDamage="28" MagicDamage="54" CriticalChance="1000" CriticalDamage="15000" Penetration="4000" MagicPainRecharge="8000" MagicDamageRecharge="7000" MaxMissileBullets="10" MissileBulletRecharge="50000" BlockDamageFactor="2000" InitialMagicCharge="10000" ShockCriticalHitChance="0" ShockHeadHitChance="1000" EnchantmentResistance="0" DamageFactor="10000" Number="1" Tactic="Standard" WarriorPower="3.95" WarriorNumber="1">
            <Items>
              <Item Name="Skeleton" />
              <Item Name="NoRanged" />
              <Item Name="NoMagic" />
              <Item Name="WEAPON_KUNAI" />
              <Item Name="ARMOR_LEATHER" />
              <Item Name="HELM_GREEN_MASK" />
            </Items>
            <Perks>
              <Perk Name="PERK_DOUBLE_SWEEP" />
              <Perk Name="PERK_DOUBLE_JUMP_KICK" />
              <Perk Name="PERK_TWO_FOOT_JUMP_KICK" />
              <Perk Name="PERK_ELBOW_STRIKE" />
              <Perk Name="PERK_BACK_FLIP_KICK" />
              <Perk Name="PERK_BOT_TAG" />
              <Perk Name="PERK_COMMON_GROUP_ENEMY" />
            </Perks>
            <AttributesAlign>
              <Delta Factor="0" Shift="0" />
            </AttributesAlign>
          </Template>
        </Warriors>
      </Fight>
    </Room>
    <Room Name="Act1_Chapter4_StandardRoom4_Normal" Type="TRIAL" Chest="Fight_Chest_1_4" Location="road">
      <Fight Name="1" Power="1" Rounds="1" RoundTime="60" Replays="1">
        <Warriors>
          <Template Name="Ninja_Man_Swords" FirstName="NAME_NINJA" Avatar="ninja_man_swords" Voice="Male" HealthTotal="100" HeadDefense="120" BodyDefense="160" WeaponDamage="36" UnarmedDamage="24" RangedDamage="28" MagicDamage="54" CriticalChance="1000" CriticalDamage="15000" Penetration="4000" MagicPainRecharge="8000" MagicDamageRecharge="7000" MaxMissileBullets="10" MissileBulletRecharge="50000" BlockDamageFactor="2000" InitialMagicCharge="10000" ShockCriticalHitChance="0" ShockHeadHitChance="1000" EnchantmentResistance="0" DamageFactor="10000" Number="1" Tactic="Standard" WarriorPower="4.36" WarriorNumber="1">
            <Items>
              <Item Name="Skeleton" />
              <Item Name="NoRanged" />
              <Item Name="NoMagic" />
              <Item Name="WEAPON_SWORDS" />
              <Item Name="ARMOR_LEATHER" />
              <Item Name="HELM_GREEN_MASK" />
            </Items>
            <Perks>
              <Perk Name="PERK_DOUBLE_SWEEP" />
              <Perk Name="PERK_DOUBLE_JUMP_KICK" />
              <Perk Name="PERK_TWO_FOOT_JUMP_KICK" />
              <Perk Name="PERK_ELBOW_STRIKE" />
              <Perk Name="PERK_BACK_FLIP_KICK" />
              <Perk Name="PERK_BOT_TAG" />
              <Perk Name="PERK_COMMON_GROUP_ENEMY" />
            </Perks>
            <AttributesAlign>
              <Delta Factor="0" Shift="0" />
            </AttributesAlign>
          </Template>
        </Warriors>
      </Fight>
    </Room>
    <Room Name="Act1_Chapter4_StandardRoom5_Normal" Type="TRIAL" Chest="Fight_Chest_1_4" Location="suspension_bridges">
      <Fight Name="1" Power="1" Rounds="1" RoundTime="60" Replays="1">
        <Warriors>
          <Template Name="Ninja_Man_Tonfa" FirstName="NAME_NINJA_DESTROYER" Avatar="ninja_man_tonfa" Voice="Male" HealthTotal="100" HeadDefense="120" BodyDefense="160" WeaponDamage="36" UnarmedDamage="24" RangedDamage="28" MagicDamage="54" CriticalChance="1000" CriticalDamage="15000" Penetration="4000" MagicPainRecharge="8000" MagicDamageRecharge="7000" MaxMissileBullets="10" MissileBulletRecharge="50000" BlockDamageFactor="2000" InitialMagicCharge="10000" ShockCriticalHitChance="0" ShockHeadHitChance="1000" EnchantmentResistance="0" DamageFactor="10000" Number="1" Tactic="Standard" WarriorPower="4.95" WarriorNumber="1">
            <Items>
              <Item Name="Skeleton" />
              <Item Name="NoRanged" />
              <Item Name="NoMagic" />
              <Item Name="WEAPON_TONFA" />
              <Item Name="ARMOR_BARBARIAN" />
              <Item Name="HELM_VIKING" />
            </Items>
            <Perks>
              <Perk Name="PERK_DOUBLE_SWEEP" />
              <Perk Name="PERK_DOUBLE_JUMP_KICK" />
              <Perk Name="PERK_TWO_FOOT_JUMP_KICK" />
              <Perk Name="PERK_ELBOW_STRIKE" />
              <Perk Name="PERK_BACK_FLIP_KICK" />
              <Perk Name="PERK_BOT_TAG" />
              <Perk Name="PERK_BRUISER_GROUP_ENEMY" />
              <Perk Name="ENEMY_PERK_BRUISER_RAGE" />
            </Perks>
            <AttributesAlign>
              <Delta Factor="0" Shift="0" />
              <Delta Factor="0" Shift="0" />
            </AttributesAlign>
          </Template>
        </Warriors>
        <Rules>
          <Attributes Penetration="0.43" ApplyTo="Player" />
        </Rules>
      </Fight>
    </Room>
    <Room Name="PunchbagRoom" Type="TRIALBONUS" Location="shades_ruins" Music="Fountain_Room" CounterName="Fountain">
      <Fight Name="1" Power="1" Rounds="1" RoundTime="5" Replays="1">
        <Warriors>
          <Warrior FirstName="Punchbag_hint" NotAI="1" NotAnimation="1" BodyDefense="0" HeadDefense="0">
            <Items>
              <Item Name="SkeletonPunchingBag" />
            </Items>
            <AttributesAlign>
              <Delta Factor="1" Shift="0" />
            </AttributesAlign>
          </Warrior>
        </Warriors>
        <Rules>
          <ComplexRule>
            <EquipItem Type="Weapon" Name="Fists" />
            <EquipItem Type="Ranged" Name="NoRanged" />
            <EquipItem Type="Magic" Name="NoMagic" />
            <Invulnerability ApplyTo="Player" />
            <Invulnerability ApplyTo="Bot" />
            <Perk Name="PERK_HEAL_BONUS_ROOM" ApplyTo="Player" />
            <Perk Name="PERK_RECOVER" ApplyTo="Player" />
            <TimeOutWin />
            <NoButton Name="Punch" />
            <NoButton Name="Kick" />
            <NoButton Name="Ranged" />
            <NoButton Name="Magic" />
            <NoPerks Name="EndStanceClear" />
            <HideFightMessages />
            <HideInfo ApplyTo="Bot" />
            <NoJoystick />
            <HideTimer />
          </ComplexRule>
        </Rules>
      </Fight>
    </Room>
    <Room Name="Act1_Chapter4_StandardRoom6_Normal" Type="TRIAL" Chest="Fight_Chest_1_4" Location="statue">
      <Fight Name="1" Power="1" Rounds="1" RoundTime="60" Replays="1">
        <Warriors>
          <Template Name="Ninja_Man_Swords" FirstName="NAME_NINJA" Avatar="ninja_man_swords" Voice="Male" HealthTotal="100" HeadDefense="120" BodyDefense="160" WeaponDamage="36" UnarmedDamage="24" RangedDamage="28" MagicDamage="54" CriticalChance="1000" CriticalDamage="15000" Penetration="4000" MagicPainRecharge="8000" MagicDamageRecharge="7000" MaxMissileBullets="10" MissileBulletRecharge="50000" BlockDamageFactor="2000" InitialMagicCharge="10000" ShockCriticalHitChance="0" ShockHeadHitChance="1000" EnchantmentResistance="0" DamageFactor="10000" Number="1" Tactic="Standard" WarriorPower="5.62" WarriorNumber="1">
            <Items>
              <Item Name="Skeleton" />
              <Item Name="NoRanged" />
              <Item Name="NoMagic" />
              <Item Name="WEAPON_SWORDS" />
              <Item Name="ARMOR_LEATHER" />
              <Item Name="HELM_GREEN_MASK" />
            </Items>
            <Perks>
              <Perk Name="PERK_DOUBLE_SWEEP" />
              <Perk Name="PERK_DOUBLE_JUMP_KICK" />
              <Perk Name="PERK_TWO_FOOT_JUMP_KICK" />
              <Perk Name="PERK_ELBOW_STRIKE" />
              <Perk Name="PERK_BACK_FLIP_KICK" />
              <Perk Name="PERK_BOT_TAG" />
              <Perk Name="PERK_COMMON_GROUP_ENEMY" />
            </Perks>
            <AttributesAlign>
              <Delta Factor="0" Shift="0" />
            </AttributesAlign>
          </Template>
        </Warriors>
      </Fight>
    </Room>
    <Room Name="Act1_Chapter4_StandardRoom7_Normal" Type="TRIAL" Chest="Fight_Chest_1_4" Location="flooded_village">
      <Fight Name="1" Power="1" Rounds="1" RoundTime="60" Replays="1">
        <Warriors>
          <Template Name="Ninja_Man_Knives_2" FirstName="NAME_NINJA" Avatar="ninja_man_knives_2" Voice="Male" HealthTotal="100" HeadDefense="120" BodyDefense="160" WeaponDamage="36" UnarmedDamage="24" RangedDamage="28" MagicDamage="54" CriticalChance="1000" CriticalDamage="15000" Penetration="4000" MagicPainRecharge="8000" MagicDamageRecharge="7000" MaxMissileBullets="10" MissileBulletRecharge="50000" BlockDamageFactor="2000" InitialMagicCharge="10000" ShockCriticalHitChance="0" ShockHeadHitChance="1000" EnchantmentResistance="0" DamageFactor="10000" Number="1" Tactic="Standard" WarriorPower="5.95" WarriorNumber="1">
            <Items>
              <Item Name="Skeleton" />
              <Item Name="NoRanged" />
              <Item Name="NoMagic" />
              <Item Name="WEAPON_Z6_KNIVES" />
              <Item Name="ARMOR_LEATHER" />
              <Item Name="HELM_GREEN_MASK" />
            </Items>
            <Perks>
              <Perk Name="PERK_DOUBLE_SWEEP" />
              <Perk Name="PERK_DOUBLE_JUMP_KICK" />
              <Perk Name="PERK_TWO_FOOT_JUMP_KICK" />
              <Perk Name="PERK_ELBOW_STRIKE" />
              <Perk Name="PERK_BACK_FLIP_KICK" />
              <Perk Name="PERK_BOT_TAG" />
              <Perk Name="PERK_COMMON_GROUP_ENEMY" />
            </Perks>
            <AttributesAlign>
              <Delta Factor="0" Shift="0" />
            </AttributesAlign>
          </Template>
        </Warriors>
      </Fight>
    </Room>
    <Room Name="Act1_Chapter4_StandardRoom8_Normal" Type="TRIAL" Chest="Fight_Chest_1_4" Location="road">
      <Fight Name="1" Power="1" Rounds="1" RoundTime="60" Replays="1">
        <Warriors>
          <Template Name="Ninja_Girl_Sharp_Tonfa" FirstName="NAME_NINJA" Avatar="ninja_girl_sharp_tonfa" Voice="Female" HealthTotal="100" HeadDefense="120" BodyDefense="160" WeaponDamage="36" UnarmedDamage="24" RangedDamage="28" MagicDamage="54" CriticalChance="1000" CriticalDamage="15000" Penetration="4000" MagicPainRecharge="8000" MagicDamageRecharge="7000" MaxMissileBullets="10" MissileBulletRecharge="50000" BlockDamageFactor="2000" InitialMagicCharge="10000" ShockCriticalHitChance="0" ShockHeadHitChance="1000" EnchantmentResistance="0" DamageFactor="10000" Number="1" Tactic="Standard" WarriorPower="6.32" WarriorNumber="1">
            <Items>
              <Item Name="Skeleton" />
              <Item Name="NoRanged" />
              <Item Name="NoMagic" />
              <Item Name="WEAPON_SHARP_TONFA" />
              <Item Name="ARMOR_WOMAN_GREEN" />
              <Item Name="HELM_GREEN_MASK" />
            </Items>
            <Perks>
              <Perk Name="PERK_DOUBLE_SWEEP" />
              <Perk Name="PERK_DOUBLE_JUMP_KICK" />
              <Perk Name="PERK_TWO_FOOT_JUMP_KICK" />
              <Perk Name="PERK_ELBOW_STRIKE" />
              <Perk Name="PERK_BACK_FLIP_KICK" />
              <Perk Name="PERK_BOT_TAG" />
              <Perk Name="PERK_COMMON_GROUP_ENEMY" />
            </Perks>
            <AttributesAlign>
              <Delta Factor="0" Shift="0" />
            </AttributesAlign>
          </Template>
        </Warriors>
      </Fight>
    </Room>
    <Room Name="Act1_Chapter4_StandardRoom9_Normal" Type="TRIAL" Chest="Fight_Chest_1_4" Location="garden">
      <Fight Name="1" Power="1" Rounds="1" RoundTime="60" Replays="1">
        <Warriors>
          <Template Name="Ninja_Girl_Katar" FirstName="NAME_NINJA_PUNISHER" Avatar="ninja_girl_katar" Voice="Female" HealthTotal="100" HeadDefense="120" BodyDefense="160" WeaponDamage="36" UnarmedDamage="24" RangedDamage="28" MagicDamage="54" CriticalChance="1000" CriticalDamage="15000" Penetration="4000" MagicPainRecharge="8000" MagicDamageRecharge="7000" MaxMissileBullets="10" MissileBulletRecharge="50000" BlockDamageFactor="2000" InitialMagicCharge="10000" ShockCriticalHitChance="0" ShockHeadHitChance="1000" EnchantmentResistance="0" DamageFactor="10000" Number="1" Tactic="Standard" WarriorPower="6.77" WarriorNumber="1">
            <Items>
              <Item Name="Skeleton" />
              <Item Name="NoRanged" />
              <Item Name="NoMagic" />
              <Item Name="WEAPON_INDIAN_KATAR" />
              <Item Name="ARMOR_SUPER_MERC_SUIT" />
              <Item Name="HELM_ASSASSIN" />
            </Items>
            <Perks>
              <Perk Name="PERK_DOUBLE_SWEEP" />
              <Perk Name="PERK_DOUBLE_JUMP_KICK" />
              <Perk Name="PERK_TWO_FOOT_JUMP_KICK" />
              <Perk Name="PERK_ELBOW_STRIKE" />
              <Perk Name="PERK_BACK_FLIP_KICK" />
              <Perk Name="PERK_BOT_TAG" />
              <Perk Name="PERK_ASSASSIN_GROUP_ENEMY" />
              <Perk Name="ENEMY_PERK_ASSASSIN_TIME_BUFF" />
            </Perks>
            <AttributesAlign>
              <Delta Factor="0" Shift="0" />
            </AttributesAlign>
          </Template>
        </Warriors>
      </Fight>
    </Room>
    <Room Name="Act1_Chapter4_BossRoom_Normal" Type="TRIAL" Location="road" Music="Act1_boss_lynx" Chest="Fight_Chest_1_4" ShowVS="true" CounterName="RoomBossLynx">
      <Fight Name="6" Power="1" Rounds="1" RoundTime="180" Replays="1">
        <Warriors>
          <Template Name="Lynx_Claws" FirstName="characterLynx" Avatar="boss_lynx" Voice="Male" HealthTotal="300" HeadDefense="120" BodyDefense="160" WeaponDamage="36" UnarmedDamage="24" RangedDamage="28" MagicDamage="54" CriticalChance="1000" CriticalDamage="15000" Penetration="4000" MagicPainRecharge="8000" MagicDamageRecharge="7000" MaxMissileBullets="10" MissileBulletRecharge="50000" BlockDamageFactor="2000" InitialMagicCharge="10000" ShockCriticalHitChance="0" ShockHeadHitChance="1000" EnchantmentResistance="0" DamageFactor="10000" Tactic="Lynx_Ranged" HealthSegments="3" WarriorPower="6.77">
            <Items>
              <Item Name="Skeleton" />
              <Item Name="NoMagic" />
              <Item Name="WEAPON_LYNX_CLAWS" />
              <Item Name="RANGED_KUNAI_ACT1" />
              <Item Name="BODY_LYNX" />
              <Item Name="HEAD_LYNX" />
            </Items>
            <Perks>
              <Perk Name="PERK_DOUBLE_SWEEP" />
              <Perk Name="PERK_DOUBLE_JUMP_KICK" />
              <Perk Name="PERK_TWO_FOOT_JUMP_KICK" />
              <Perk Name="PERK_ELBOW_STRIKE" />
              <Perk Name="PERK_BACK_FLIP_KICK" />
              <Perk Name="PERK_BOT_TAG" />
              <Perk Name="BOSS_PERK_LYNX_BOMBS" />
              <Perk Name="BOSS_PERK_LYNX_INVISIBILITY" />
              <Perk Name="PERK_ANTI_SHOCK" />
              <Perk Name="PERK_BOSS" />
              <Perk Name="PERK_BOSS_BUBBLES_LYNX" />
            </Perks>
            <AttributesAlign>
              <Delta Factor="0" Shift="0" />
            </AttributesAlign>
          </Template>
        </Warriors>
        <Rules>
          <RechargeMagicEachRound ApplyTo="Bot" />
        </Rules>
      </Fight>
    </Room>
  </Rooms>
</TrialData>